NCT Number,Study Title,Study URL,Acronym,Study Status,Brief Summary,Study Results,Conditions,Interventions,Primary Outcome Measures,Secondary Outcome Measures,Other Outcome Measures,Sponsor,Collaborators,Sex,Age,Phases,Enrollment,Funder Type,Study Type,Study Design,Other IDs,Start Date,Primary Completion Date,Completion Date,First Posted,Results First Posted,Last Update Posted,Locations,Study Documents
NCT07279714,Fisetin in Mild Alzheimer's Disease,https://clinicaltrials.gov/study/NCT07279714,FIS-AD,COMPLETED,"This pilot study will evaluate the safety and tolerability of the natural health product, fisetin, in older adults with mild cognitive impairment or mild Alzheimer's disease dementia.",NO,"Alzheimer s Disease|Alzheimer Dementia|Alzheimer Dementia (AD)|Alzheimer Disease|Mild Cognitive Disorder|Neurocognitive Disorders, Mild|Neurocognitive Disorder",OTHER: Fisetin,"Incidence of Treatment-Emergent Adverse Events (Safety and tolerability of fisetin), Measured using AE reports, 30 days",,,Sunnybrook Health Sciences Centre,Sunnybrook Research Institute,ALL,"ADULT, OLDER_ADULT",PHASE2,5,OTHER,INTERVENTIONAL,Allocation: NA | Intervention Model: SINGLE_GROUP | Masking: NONE | Primary Purpose: TREATMENT,6705,2026-01-27,2026-07-21,2026-07-21,2025-12-12,,2026-08-20,"Sunnybrook Research Institute, Toronto, Ontario, M4N 3M5, Canada",
NCT04476953,COVID-FISETIN: Pilot in SARS-CoV-2 of Fisetin to Alleviate Dysfunction and Inflammation,https://clinicaltrials.gov/study/NCT04476953,,ACTIVE_NOT_RECRUITING,"The purpose of this study is to test whether Fisetin, a senolytic drug, can assist in preventing an increase in the disease's progression and alleviate complications of coronavirus due to an excessive inflammatory reaction.",NO,Covid19,DRUG: Placebo|DRUG: Fisetin,"Serious Adverse Events, Number of participants to experience serious adverse events and hypersensitivity reactions., 6 months|Change in oxygenation status, change in oxygenation levels as measured by S/F ratio (SPO2/FiO2), baseline, Day 3, 7, 10, 14, 17 and 30; Months 3 and 6","CoV Severity Category, Number of participants to progress to severe or critical classification CoV, 6 months",,Mayo Clinic,,ALL,"ADULT, OLDER_ADULT",PHASE2,80,OTHER,INTERVENTIONAL,"Allocation: RANDOMIZED | Intervention Model: PARALLEL | Masking: DOUBLE (PARTICIPANT, INVESTIGATOR) | Primary Purpose: TREATMENT",20-003936,2020-08-03,2026-09,2026-09,2020-07-20,,2025-10-14,"Mayo Clinic in Rochester, Rochester, Minnesota, 55905, United States",
NCT07195318,Fisetin Supplementation for Healthy Aging,https://clinicaltrials.gov/study/NCT07195318,Fisetin LOW,RECRUITING,"There is growing interest among the general population in preventive health interventions that can help mitigate age-related decline, reduce the risk of chronic diseases, and promote healthy aging. The use of nutritional supplements has been increasing and is especially high in older adults and healthier individuals. In response to this demand, a growing number of nutritional supplements are being advertised for their ""anti-aging"" properties, claiming to target molecular and cellular ""hallmarks of aging"", such as chronic inflammation, oxidative stress, and cellular senescence. However, the overwhelming majority of these claims stem from preclinical studies in animal models (e.g., C. elegans, mice), and there is extremely limited evidence for beneficial effects, effective doses, or safety profiles of these supplements in humans. Moreover, the lack of strict regulations in the nutritional supplement industry leads to wide differences in the quality and in the actual content of active substances between supplements, which could impact both their efficacy and safety.

The investigators will conduct a clinical trial in healthy volunteers, who will receive supplementation with fisetin (100 mg) or placebo daily for 7 weeks. Participants will be examined at regular intervals during the study period. The investigators will then investigate whether fisetin supplementation is safe and evaluate its effect on measures of chronic inflammation, cellular senescence, aging, and general health.",NO,Healthy,DIETARY_SUPPLEMENT: Fisetin|DIETARY_SUPPLEMENT: Placebo,"Soluble urokinase plasminogen activator receptor (suPAR), The difference between groups in the change in plasma levels of suPAR, Baseline to Week 7","Side effects, Differences between groups in the type and frequency of side effects, Baseline to Week 7","SASP factors and inflammation markers, Differences between groups in the change in plasma concentrations (pg/mL) of SASP factors and inflammation markers (e.g., cytokines, chemokines, proteases, growth factors)., Baseline to Week 7|Cellular senescence, Differences between groups in the change in the percentage of immune cells positive for expression of senescence markers (e.g., p16INK4a, p21CIP1/WAF1, SA-B-gal) ., Baseline to Week 7|Aging biomarkers, Differences between groups in the change in plasma concentrations (pg/mL) of aging markers (e.g., α-klotho, growth differentiation factor 15, fibroblast growth factor 21)., Baseline to Week 7|Frailty, Differences between groups in the change in frailty status calculated as Frailty Index OutRef (FI-OutRef) based on the values of 17 routine biochemistry biomarkers. The score ranges from 0-17, with higher scores indicating greater frailty., Baseline to Week 7|Clinical biomarkers, Differences between groups in the change in levels of routine biochemistry markers (e.g., alanine aminotransferase, albumin, alkaline phosphatase, bilirubin, blood urea nitrogen, coagulation factors II, VII and X, CRP, creatinine, hemoglobin, lactate dehydrogenase, mean corpuscular hemoglobin concentration, mean corpuscular volume, neutrophils, potassium, sodium, thrombocytes, white blood cell count, cystatin C, cholesterol (total, low-density lipoproteins, high-density lipoproteins), triglycerides, and hemoglobin A1c)., Baseline to Week 7|Physical function, Differences between groups in the change in gait speed (m/s)., Baseline to Week 7|Physical function, Differences between groups in the change in hand grip strength (kg)., Baseline to Week 7|Physical function, Differences between groups in the change in chair stand test score (number of repetitions)., Baseline to Week 7|Physical function, Differences between groups in the change in balance score (0-4 points, with higher scores indicating poorer balance)., Baseline to Week 7|Cognitive function, Differences between groups in the change in cognitive function assessed using the Montreal Cognitive Assessment (MoCA) score (0-30, with higher values indicating better cognitive function)., Baseline to Week 7|Cognitive function, Differences between groups in the change in cognitive function assessed using the Digit Symbol Substitution Test (DSST), with higher scores indicating better cognitive function., Baseline to Week 7|Health-related quality of life, Differences between groups in the change in quality of life assessed using the EuroQol-5D-5L. The score ranges from 1 to -0.757, which higher values indicating better quality of life., Baseline to Week 7|Self-rated health, Differences between groups in the change in self-rated health, classified as excellent, very good, good, fair, or poor., Baseline to Week 7|CYP3A4 activity, Differences between groups in the change in CYP3A4 activity assessed using the concentration of the endogenous marker 4β-hydroxycholesterol measured in plasma samples using LC-MS/MS., Baseline to Week 7",Ove Andersen,,ALL,"ADULT, OLDER_ADULT",NA,120,OTHER,INTERVENTIONAL,"Allocation: RANDOMIZED | Intervention Model: PARALLEL | Masking: QUADRUPLE (PARTICIPANT, CARE_PROVIDER, INVESTIGATOR, OUTCOMES_ASSESSOR) | Primary Purpose: TREATMENT",H-25043857,2025-09-24,2026-10-31,2026-10-31,2025-09-26,,2026-05-19,"Department of Clinical Research, Copenhagen University Hospital Amager & Hvidovre, Hvidovre, 2650, Denmark",
NCT06133634,Fisetin to Improve Vascular Function in Older Adults,https://clinicaltrials.gov/study/NCT06133634,,ACTIVE_NOT_RECRUITING,"This is a pilot clinical trial to test the efficacy of intermittent treatment with the flavonoid compound fisetin for improving vascular endothelial function and reducing aortic stiffness in older adults. This trial will also determine the potential mechanisms by which fisetin may improve vascular function, including by decreasing mitochondrial oxidative stress, cellular senescence and senescence-associated secretory phenotype (SASP) factors in circulation. Lastly, safety, tolerability and adherence of fisetin treatment will be assessed.",NO,Aging|Endothelial Dysfunction|Arterial Stiffness,DIETARY_SUPPLEMENT: Fisetin|OTHER: Placebo,"Change from baseline in endothelial function at 1 month, Brachial artery flow-mediated dilation, 1 month","Change from baseline in aortic stiffness at 1 month, Carotid-femoral pulse wave velocity, 1 month","Change from baseline in suppression of endothelial function by mitochondrial oxidative stress at 1 month, Change in brachial artery flow-mediated dilation with acute, supratherapeutic MitoQ (160mg), 1 month|Change from baseline in endothelial cell markers of cellular senescence at 1 month, Endothelial cell abundance of p16 and p21, 1 month|Change from baseline in blood cell markers of cellular senescence at 1 month, p16-positive T-cells, 1 month|Change from baseline in plasma markers of the senescence-associated secretory phenotype, Circulating pro-inflammatory cytokines and chemokines, 1 month","University of Colorado, Boulder",American Heart Association,ALL,OLDER_ADULT,PHASE1|PHASE2,70,OTHER,INTERVENTIONAL,"Allocation: RANDOMIZED | Intervention Model: PARALLEL | Masking: TRIPLE (PARTICIPANT, INVESTIGATOR, OUTCOMES_ASSESSOR) | Primary Purpose: TREATMENT",23-0288,2023-09-25,2026-03-31,2027-03-31,2023-11-15,,2026-09-25,"University of Colorado Boulder, Boulder, Colorado, 80305, United States",
NCT06399809,Fisetin to Reduce Senescence and Mobility Impairment in PAD,https://clinicaltrials.gov/study/NCT06399809,FIRST,RECRUITING,"The investigators propose a pilot randomized trial to gather preliminary data to test the hypothesis that Fisetin will reduce abundance of senescent cells in blood, skeletal muscle, and both subcutaneous and inter muscular adipose tissue and improve 6-minute walk distance in 34 people with peripheral artery disease (PAD). the investigators will determine whether greater declines in abundance of cells with senescent markers are associated with greater improvement in 6-minute walk distance in people with peripheral artery disease. In exploratory analyses, the investigators will assess whether Fisetin reduces interleukin-6 (IL-6) and novel senescent markers in adipose tissue, muscle, and/or blood.",NO,"Peripheral Arterial Disease|Aging|Peripheral Vascular Diseases|Walking, Difficulty|Claudication",DRUG: Fisetin|DRUG: Placebo,"Six-minute Walk Distance, Among older people with PAD, the investigators will determine whether, compared to placebo, fisetin improves six-minute walk distance at 4-month follow-up, Measured at baseline and 4 month follow-up","Hand Grip Strength, Among older people with PAD, the investigators will determine whether, compared to placebo, fisetin improves hand grip strength at 4-month follow-up.

readouts., Measured at baseline and 4 months|Short physical performance battery (SPPB), Among older people with PAD, the investigators will determine whether, compared to placebo, fisetin improves the short physical performance battery (SPPB) at 4-month follow-up. SPPB range, range 0-12, 12-best, Measured at baseline and 4 months|Number of cells with senescence markers, Among older people with PAD, the investigators will determine whether, compared to placebo, fisetin decreases cells with senescence markers in lower extremity adipose tissue, blood (CD3+ T lymphocytes), and gastrocnemius muscle at 4-month follow-up., Measured at baseline and 4 months|Gastrocnemius perfusion, Among older people with PAD, the investigators will determine whether, compared to placebo, fisetin improves gastrocnemius perfusion at 4-month follow-up. The investigators will use arterial spin labeling with magnetic resonance imaging (MRI) and post-cuff occlusion hyperemia to measure changes in calf perfusion at 3 Tesla. MRI perfusion will be measured using cuff occlusion hyperemia while the participant is supine. Gastrocnemius perfusion will be measured in ml/minute per 100g of tissue., Measured at baseline and 4 months","Abundance of oxylipin dihomo-15d-PGJ2, Among older people with PAD, the investigators will determine whether, compared to placebo, fisetin changes abundance of oxylipin dihomo-15d-PGJ2 in blood at 4-month follow-up., Measured at baseline and 4 months|Abundance of interleukin-6 markers, Among older people with PAD, the investigators will determine whether, compared to placebo, fisetin changes abundance of interleukin-6 (IL-6) markers in blood at 4-month follow-up. Quantitative reverse transcription-PCR (qRT-PCR) will be performed by Dr. Peterson's lab for RNA encoding IL-6 markers in adipose tissue, including interleukin-8 (IL-8), monocyte chemoattractant protein-1 (MCP-1), IL-1α, growth differentiation factor 15, and IL-6. Abundance of IL-6 markers will be measured in units of pg/mL., Measured at baseline and 4 months|Gastrocnemius muscle fibrosis, Among older people with PAD, the investigators will determine whether reduced senescent cell abundance and whether reduced IL-6 factor abundance in blood, gastrocnemius muscle, and adipose tissue, respectively, are correlated with reduced gastrocnemius muscle fibrosis at 4-month follow up. Antibodies to collagen I and III will quantify extracellular matrix composition. Picrosirius Red histochemistry will quantify total fibrous collagen, with polarized light to assess collagen organization., Measured at baseline and 4 months|Gastrocnemius muscle collagen, Among older people with PAD, the investigators will determine whether reduced senescent cell abundance and whether reduced IL-6 factor abundance in blood, gastrocnemius muscle, and adipose tissue, respectively, are correlated with reduced gastrocnemius muscle collagen at 4-month follow up. Antibodies to collagen I and III will quantify extracellular matrix composition. Picrosirius Red histochemistry will quantify total fibrous collagen, with polarized light to assess collagen organization., Measured at baseline and 4 months|Abundance of cells with increased myofiber size, Among older people with PAD, the investigators will determine whether reduced senescent cell abundance and whether reduced IL-6 factor abundance in blood, gastrocnemius muscle, and adipose tissue, respectively, are correlated with a reduced abundance of cells with increased myofiber size at 4-month follow up. Muscle fiber cross-sectional area will be quantified and 4',6-diamidino-2-phenylindole (DAPI) staining performed for centrally nucleated fibers, a marker of ischemic injury/regeneration., Measured at baseline and 4 months|Abundance of cells with central nuclei, Among older people with PAD, the investigators will determine whether reduced senescent cell abundance and whether reduced IL-6 factor abundance in blood, gastrocnemius muscle, and adipose tissue, respectively, are correlated with a reduced abundance of cells with central nuclei at 4-month follow up. Muscle fiber cross-sectional area will be quantified and DAPI staining performed for centrally nucleated fibers, a marker of ischemic injury/regeneration., Measured at baseline and 4 months|Interleukin-6 mRNA abundance, Among older people with PAD, the investigators will determine whether, compared to placebo, fisetin changes IL-6 mRNA abundance in gastrocnemius muscle and lower extremity adipose tissue at 4-month follow-up. qRT-PCR will quantify IL-6 mRNAs as described for fat tissue, Measured at baseline and 4 months",Northwestern University,,ALL,"ADULT, OLDER_ADULT",PHASE2,34,OTHER,INTERVENTIONAL,"Allocation: RANDOMIZED | Intervention Model: PARALLEL | Masking: QUADRUPLE (PARTICIPANT, CARE_PROVIDER, INVESTIGATOR, OUTCOMES_ASSESSOR) | Primary Purpose: TREATMENT",STU00217306,2024-09-30,2026-11,2027-06,2024-05-06,,2026-04-15,"Northwestern University Feinberg School of Medicine, Chicago, Illinois, 60611-3008, United States",
NCT05416515,A Study of Fisetin to Treat Carpal Tunnel Syndrome,https://clinicaltrials.gov/study/NCT05416515,,COMPLETED,This research study is being conducted to investigate the safety and effectiveness of the drug Fisetin for mild or moderate carpal tunnel syndrome (CTS).,YES,Carpal Tunnel Syndrome,DRUG: Fisetin,"Change in Boston Carpal Tunnel Syndrome (BCTQ) Score, The Boston Carpal Tunnel Syndrome questionnaire (BCTQ) assesses symptom severity and overall function of subjects with Carpel Tunnel Syndrome. The questionnaire consists of two sections: 1. Symptom Severity (11 questions) and 2. Functional Status (8 questions). Subjects are asked to rate each question on a scale of 1 to 5. The mean score for each section is calculated by summing the individual question responses and diving by the number of questions resulting in a total score ranging from 1 to 5, with higher scores indicating greater symptom severity and dysfunction., Baseline, 60 days","Percent Decrease in Blood Markers of Cellular Senescence, e.g., p16, IL-6, IL-15, TNF, PAI-1, ICAM-1, and Additional Exploratory, Novel Assays, Blood samples collected to measure percent decrease in circulating blood biomarkers of senescence, Baseline, 60 days|Percent Decrease in Blood Markers of Cellular Senescence in Long-term, percent decrease in blood markers of cellular senescence, e.g., p16, IL-6, IL-15, TNF, PAI-1, ICAM-1, and additional exploratory, novel assays, Baseline, 180 days",,"Peter C. Amadio, M.D.",,ALL,"ADULT, OLDER_ADULT",PHASE2,40,OTHER,INTERVENTIONAL,Allocation: NA | Intervention Model: SINGLE_GROUP | Masking: NONE | Primary Purpose: TREATMENT,21-010406,2022-10-09,2024-12-31,2025-01-24,2022-06-13,2025-12-24,2025-12-24,"Mayo Clinic in Rochester, Rochester, Minnesota, 55905, United States","Study Protocol and Statistical Analysis Plan, https://cdn.clinicaltrials.gov/large-docs/15/NCT05416515/Prot_SAP_000.pdf"
NCT06819254,Pilot Study of Fisetin to Improve Fatigue Among Older Adult Cancer Survivors,https://clinicaltrials.gov/study/NCT06819254,,RECRUITING,The purpose of this study is to find out if taking a Fisetin supplement can decrease fatigue among older cancer survivors.,NO,Fatigue,DRUG: Fisetin followed by Placebo|DRUG: Placebo followed by Fisetin,"Change in Pittsburgh Fatigability Scale (PFS), 10-item PFS score is a measure of perceived fatigability in older adults and can serve as an adjunct to performance-based fatigability measures for identifying older adults at risk of mobility limitation in clinical and research settings. Total score range is 0-50 with higher score indicating greater fatigue., Baseline to Week 2|Change in Pittsburgh Fatigability Scale (PFS), 10-item PFS score is a measure of perceived fatigability in older adults and can serve as an adjunct to performance-based fatigability measures for identifying older adults at risk of mobility limitation in clinical and research settings. Total score range is 0-50 with higher score indicating greater fatigue., Baseline to Week 4|Change in Pittsburgh Fatigability Scale (PFS), 10-item PFS score is a measure of perceived fatigability in older adults and can serve as an adjunct to performance-based fatigability measures for identifying older adults at risk of mobility limitation in clinical and research settings. Total score range is 0-50 with higher score indicating greater fatigue., Baseline to Week 6|Change in Pittsburgh Fatigability Scale (PFS), 10-item PFS score is a measure of perceived fatigability in older adults and can serve as an adjunct to performance-based fatigability measures for identifying older adults at risk of mobility limitation in clinical and research settings. Total score range is 0-50 with higher score indicating greater fatigue., Baseline to Week 12","Change in Patient Reported Outcomes Measurement System (PROMIS), PROMIS Fatigue Short-Form 7a - Item responses are rated on a five-point scale ranging from ""never"" to ""always."" Total score range is 5-35 with a higher scores indicating more fatigue., Baseline to Week 2, Baseline to Week 4, Baseline to Week 6, Baseline to Week 12|Change in Pepper Assessment Tool for Disability (PAT-D), The (PAT-D) is a 19-item survey to assess domains of physical function in older adults. Responses are made on a five-point Likert scale ranging from ""usually did with no difficulty"" to ""unable to do."" Total score range is 19-95 with lower scores indicating better mobility and ability to perform activities of daily and instrumental activities of daily living., Baseline to Week 2, Baseline to Week 4, Baseline to Week 6|Change in Expanded Short Physical Performance Battery (eSPPB), eSPPB is used to objectively assess lower extremity physical function. This validated measure comprises a short walk, narrow walk, repeated chair stands, and balance tests. Total score range is 0-12 with higher scores indicating better physical performance. Lower scores on the eSPPB have been associated with increased risk of disability, hospitalization and worse survival among older adults with and without cancer., Baseline to Week 2, Baseline to Week 4, Baseline to Week 6|Change in 6-minute Walk Distance, Distance participant is able to walk in 6-minute will be measured. The 6-minute walk accurately assesses submaximal exercise capacity and is an independent predictor of mortality and is correlated with peak V02 testing., Baseline to Week 2, Baseline to Week 4, Baseline to Week 6|Change in Fried Frailty Phenotype Score, Frailty score is calculated using the Frailty Index Calculation form. Score range is 0-5 with a higher score indicating frailty., Baseline to Week 2, Baseline to Week 4, Baseline to Week 6|Change in Longitudinal Aging Study Amsterdam (LASA) Sedentary Behavior Questionnaire, 10-item questionnaire used to measure sedentary behavior. The average time per 24 hours spent on each individual sedentary activity will be recorded in hours and/or minutes. This will be done for an average weekday as well as for an average weekend day. Ranges from 0-24 hours with a higher score indicating more sedentary behavior., Baseline to Week 2, Baseline to Week 4, Baseline to Week 6|Change in PROMIS Global Health Short Form, PROMIS Global Health Short Form is a 10-item instrument assesses the extent to which patients experience problems with fatigue over the past 7 days using a 5-point Likert scale. The fatigue subscale provides a raw score, ranging from 4 to 20. Raw scores are converted to T-scores using the PROMIS conversion tables. Higher scores reflect greater fatigue., Baseline to Week 2, Baseline to Week 4, Baseline to Week 6|Medication Adherence Rate, Empty bottles from home will be returned. The number of pills taken is calculated by subtracting the count of the number of pills remaining from the total number of pills dispensed. The drug adherence rate is then calculated by dividing the number of pills taken by the number of pills they were supposed to take., Week 2, Week 5",,Wake Forest University Health Sciences,The Ambrose Monell Foundation,ALL,OLDER_ADULT,PHASE4,60,OTHER,INTERVENTIONAL,"Allocation: RANDOMIZED | Intervention Model: CROSSOVER | Masking: QUADRUPLE (PARTICIPANT, CARE_PROVIDER, INVESTIGATOR, OUTCOMES_ASSESSOR) | Primary Purpose: OTHER",IRB00125637,2025-12-09,2026-12-31,2026-12-31,2025-02-11,,2025-12-15,"Atrium Health Wake Forest Baptist Hospital, Winston-Salem, North Carolina, 27157, United States",
NCT06796374,A Comparison of Fisetin Kinetics in Young and Old Adults,https://clinicaltrials.gov/study/NCT06796374,FISEKIN-1,RECRUITING,"This study investigates the differences in the kinetic parameters of fisetin in two cohorts of healthy volunteers:

Cohort 1) volunteers aged 18-30 years (n = 40) Cohort 2) volunteers aged 65 years or older (n = 40)

The purpose of this study is:

1. To describe the fisetin kinetics after a single dose oral administration in older age.
2. To compare the fisetin kinetics after a single dose oral administration in old and young age.

FISEKIN-1 is designed as a four-arm study protocol. As well as two different age groups (18-30 years vs. 65 years and older), we want to compare fisetin kinetic parameters in fasted and fed condition:

Arm 1) 500 mg fisetin (1x 5 capsule), fasted condition, cohort 1: young age Arm 2) 500 mg fisetin (1x 5 capsule), fasted condition, cohort 2: old age Arm 3) 500 mg fisetin (1x 5 capsule), fed condition, cohort 1: young age Arm 4) 500 mg fisetin (1x 5 capsule), fed condition, cohort 2: old age",NO,Pharmacokinetic Study in Healthy Volunteers,DIETARY_SUPPLEMENT: Fisetin - Fasted condition|DIETARY_SUPPLEMENT: Fisetin - Fed condition,"Fisetin plasma concentration arm 1 vs. arm 2, Difference of fisetin plasma concentrations between the young and old cohort, expressed as area under the curve (AUC0-10h)., 10 hours|Fisetin plasma concentration arm 3 vs. arm 4, Difference of fisetin plasma concentrations between the young and old cohort, expressed as area under the curve (AUC0-10h)., 10 hours","Fisetin metabolites plasma concentration arm 1 vs. arm 2, Difference in plasma concentrations of fisetin metabolites between the young and old cohort, expressed as area under the curve (AUC0-10h)., 10 hours|Fisetin metabolites plasma concentration arm 3 vs. arm 4, Difference in plasma concentrations of fisetin metabolites between the young and old cohort, expressed as area under the curve (AUC0-10h)., 10 hours|Fisetin plasma concentration arm 1 vs. arm 2, Difference plasma concentrations of fisetin and fisetin metabolites between the young and old cohort, expressed as maximum plasma concentration (Cmax)., 10 hours|Fisetin plasma concentration arm 3 vs. arm 4, Difference in plasma concentrations of fisetin and fisetin metabolites between the young and old cohort, expressed as maximum plasma concentration (Cmax)., 10 hours|Fisetin plasma concentration arm 1 vs. arm 2, Difference in plasma concentrations of fisetin and fisetin metabolites between the young and old cohort, expressed as time at maximum concentration (Tmax)., 10 hours|Fisetin plasma concentration arm 3 vs. arm 4, Difference in plasma concentrations of fisetin and fisetin metabolites between the young and old cohort, expressed as time at maximum concentration (Tmax)., 10 hours|Fisetin plasma concentration arm 1 vs. arm 2, Difference in plasma concentrations of fisetin and fisetin metabolites between the young and old cohort, expressed as total clearance., 10 hours|Fisetin plasma concentration arm 3 vs. arm 4, Difference in plasma concentrations of fisetin and fisetin metabolites between the young and old cohort, expressed as total clearance., 10 hours|Fisetin plasma concentration arm 1 vs. arm 2, Difference in plasma concentrations of fisetin and fisetin metabolites between the young and old cohort, expressed as renal clearance., 10 hours|Fisetin plasma concentration arm 3 vs. arm 4, Difference in plasma concentrations of fisetin and fisetin metabolites between the young and old cohort, expressed as renal clearance., 10 hours|Fisetin plasma concentration arm 1 vs. arm 2, Difference in plasma concentrations of fisetin and fisetin metabolites between the young and old cohort, expressed as apparent volume of distribution., 10 hours|Fisetin plasma concentration arm 3 vs. arm 4, Difference in plasma concentrations of fisetin and fisetin metabolites between the young and old cohort, expressed as apparent volume of distribution., 10 hours|Fisetin plasma concentration arm 1 vs. arm 3, Difference of fisetin plasma concentrations between arm 1 and arm 3, expressed as area under the curve (AUC0-10h)., 10 hours|Fisetin plasma concentration arm 2 vs. arm 4, Difference of fisetin plasma concentrations between arm 2 and arm 4, expressed as area under the curve (AUC0-10h)., 10 hours|Fisetin plasma concentration arm 1 vs. arm 3, Difference in plasma concentrations of fisetin and fisetin metabolites between arm 1 and arm 3, expressed as maximum plasma concentration (Cmax)., 10 hours|Fisetin plasma concentration arm 2 vs. arm 4, Difference in plasma concentrations of fisetin and fisetin metabolites between arm 2 and arm 4, expressed as maximum plasma concentration (Cmax)., 10 hours|Fisetin plasma concentration arm 1 vs. arm 3, Difference in plasma concentrations of fisetin and fisetin metabolites between arm 1 and arm 3, expressed as time at maximum concentration (Tmax)., 10 hours|Fisetin plasma concentration arm 2 vs. arm 4, Difference in plasma concentrations of fisetin and fisetin metabolites between arm 2 and arm 4, expressed as time at maximum concentration (Tmax)., 10 hours|Fisetin plasma concentration arm 1 vs. arm 3, Difference in plasma concentrations of fisetin and fisetin metabolites between arm 1 and arm 3, expressed as total clearance., 10 hours|Fisetin plasma concentration arm 2 vs. arm 4, Difference in plasma concentrations of fisetin and fisetin metabolites between arm 2 and arm 4, expressed as total clearance., 10 hours|Fisetin plasma concentration arm 1 vs. arm 3, Difference in plasma concentrations of fisetin and fisetin metabolites between arm 1 and arm 3, expressed as renal clearance., 10 hours|Fisetin plasma concentration arm 2 vs. arm 4, Difference in plasma concentrations of fisetin and fisetin metabolites between arm 2 and arm 4, expressed as renal clearance., 10 hours|Fisetin plasma concentration arm 1 vs. arm 3, Difference in plasma concentrations of fisetin and fisetin metabolites between arm 1 and arm 3, expressed as apparent volume of distribution., 10 hours|Fisetin plasma concentration arm 2 vs. arm 4, Difference in plasma concentrations of fisetin and fisetin metabolites between arm 2 and arm 4, expressed as apparent volume of distribution., 10 hours",,University Medicine Greifswald,,ALL,"ADULT, OLDER_ADULT",NA,80,OTHER,INTERVENTIONAL,Allocation: RANDOMIZED | Intervention Model: CROSSOVER | Masking: NONE | Primary Purpose: BASIC_SCIENCE,IPHA-2025-010,2026-03-31,2027-06-30,2027-07-31,2025-01-28,,2026-04-06,"Department of Clinical Pharmacology, Institute of Pharmacology at the Center of Drug Absorption and Transport (C_DAT), University Medicine Greifswald, Greifswald, Germany",
NCT06113016,Prevention of Frailty With Fisetin and Exercise in Breast Cancer Survivors,https://clinicaltrials.gov/study/NCT06113016,PROFFi,RECRUITING,"This phase II trial tests how well fisetin and exercise works in preventing frailty in breast cancer survivors. Fisetin is a natural substance found in strawberries and other foods and is available as a nutritional supplement. Nutritional supplements may be useful in eliminating cells that have undergone a process called senescence. Senescence is when a cell ages and permanently stops dividing but does not die. Over time, large numbers of these cells build up in tissues throughout the body and can release harmful substances that cause inflammation and damage nearby healthy cells. Giving fisetin may eliminate senescent cells in patients with breast cancer undergoing physical activity.",NO,Anatomic Stage I Breast Cancer American Joint Committee on Cancer (AJCC) v8|Anatomic Stage II Breast Cancer AJCC v8|Anatomic Stage III Breast Cancer AJCC v8|Early Stage Breast Carcinoma,PROCEDURE: Biospecimen Collection|OTHER: Educational Intervention|OTHER: Exercise Intervention|DRUG: Fisetin|OTHER: Physical Performance Testing|DRUG: Placebo Administration|OTHER: Quality-of-Life Assessment|OTHER: Questionnaire Administration,"Change in 6 minute walk distance (6MWD), The 6MWD will assess the distance walked over 6 minutes and is measured in meters. A linear model will be fit to outcome variable (change score) with a factor variable representing the four study arms and control for baseline 6MWD, site, and age stratum. The analysis will be conducted as intention-to-treat analysis. Will conduct an as-treated analysis, comparing the treatments received (instead of as-randomized)., From baseline to day 120","Change in heart rate, Changes will be calculated for treatments A, B, AB, and C. Linear models will be used to determine treatment effects using the two-stage testing procedure. Will conduct as-treated analysis and linear mixed models will also be fit to examine trends., From baseline to day 120|Change in step count, Changes will be calculated for treatments A, B, AB, and C. Linear models will be used to determine treatment effects using the two-stage testing procedure. Will conduct as-treated analysis and linear mixed models will also be fit to examine trends., From baseline to day 120|Change in short physical performance battery (SPPB), Changes will be calculated for treatments A, B, AB, and C. Linear models will be used to determine treatment effects using the two-stage testing procedure. Will conduct as-treated analysis and linear mixed models will also be fit to examine trends., From baseline to day 120|Change in grip strength, Changes will be calculated for treatments A, B, AB, and C. Linear models will be used to determine treatment effects using the two-stage testing procedure. Will conduct as-treated analysis and linear mixed models will also be fit to examine trends., From baseline to day 120|Change in frailty phenotype, Changes will be calculated for treatments A, B, AB, and C. Linear models will be used to determine treatment effects using the two-stage testing procedure. Will conduct as-treated analysis and linear mixed models will also be fit to examine trends., From baseline to day 120|Change in physical function subsection of Short Form (SF)-36, Changes will be calculated for treatments A, B, AB, and C. Linear models will be used to determine treatment effects using the two-stage testing procedure. Will conduct as-treated analysis and linear mixed models will also be fit to examine trends., From baseline to day 120|Change in the Borg Rating of Perceived Exertion (RPE), Changes will be calculated for treatments A, B, AB, and C. Linear models will be used to determine treatment effects using the two-stage testing procedure. Will conduct as-treated analysis and linear mixed models will also be fit to examine trends., From baseline to day 120|Change in Quality of Life Questionnaire - Chemotherapy-Induced Peripheral Neuropathy 20 (QLQ-CIPN20) scores, Changes will be calculated for treatments A, B, AB, and C. Linear models will be used to determine treatment effects using the two-stage testing procedure. Will conduct as-treated analysis and linear mixed models will also be fit to examine trends. Quality of Life Questionnaire - Chemotherapy-Induced Peripheral Neuropathy 20 (QLQ-CIPN20). Scoring range is from 20-80. A lower score defines a more favorable outcome., From baseline to day 120|Change in Patient Reported Outcomes Measurement Information System (PROMIS) cognitive function short form score, Changes will be calculated for treatments A, B, AB, and C. Linear models will be used to determine treatment effects using the two-stage testing procedure. Will conduct as-treated analysis and linear mixed models will also be fit to examine trends. Patient Reported Outcomes Measurement Information System (PROMIS) cognitive function short form. A composite score of 0-40 is created with higher scores indicating a better health outcome., From baseline to day 120|Change in SF-36 scores, Changes will be calculated for treatments A, B, AB, and C. Linear models will be used to determine treatment effects using the two-stage testing procedure. Will conduct as-treated analysis and linear mixed models will also be fit to examine trends. Soring range is 0-100. a higher score defines a more favorable outcome., From baseline to day 120|Local and distant recurrence free survival, Up to 3 years|Breast cancer specific survival, Up to 3 years|Overall survival, Up to 3 years|Incidence of adverse events, Measured by National Cancer Institute (NCI) Common Terminology Criteria for Adverse Events (CTCAE) version (v)5.0., Up to day 120|Adherence rate, Treatment adherence will be evaluated in clinic on day 1 of each cycle and via telephone follow-up on day 2, day 3 of each cycle. Adherence information obtained will include the start and finish time for ingesting the drug and the number of pills ingested. Adherence will also be collected in a pill diary., Up to day 120",,Jonsson Comprehensive Cancer Center,National Institutes of Health (NIH)|National Cancer Institute (NCI)|Rising Tide Foundation,FEMALE,"CHILD, ADULT, OLDER_ADULT",PHASE2,164,OTHER,INTERVENTIONAL,"Allocation: RANDOMIZED | Intervention Model: PARALLEL | Masking: TRIPLE (PARTICIPANT, INVESTIGATOR, OUTCOMES_ASSESSOR) | Primary Purpose: SUPPORTIVE_CARE",23-001171|P30CA016042|R01CA280088|NCI-2023-06774,2024-07-23,2028-10-31,2031-10-31,2023-11-02,,2026-07-30,"UCLA Health Cancer Care in Alhambra, Alhambra, California, 91801, United States|UCLA Health Beverly Hills Primary & Specialty Care, Beverly Hills, California, 90210, United States|UCLA Health Burbank Primary & Specialty Care, Burbank, California, 91505, United States|UCLA / Jonsson Comprehensive Cancer Center, Los Angeles, California, 90095, United States|UCLA Health Primary Care in Marina del Rey, Marina del Rey, California, 90292, United States|UCLA Health Primary Care in Pasadena, Pasadena, California, 91105, United States",
NCT06990256,Evaluation of Urolithin A and Fisetin on Improving Sleep and Aging Biomarkers,https://clinicaltrials.gov/study/NCT06990256,,ACTIVE_NOT_RECRUITING,"The goal of this clinical trial is to evaluate the effects of Urolithin A (UA) and Fisetin on improving sleep and aging biomarkers in middle-aged and older adults. The main questions it aims to answer are:

Can UA and Fisetin improve sleep quality in middle-aged and older adults? Do these substances have a positive effect on aging biomarkers, such as inflammation, oxidative stress, and aging-related proteins? Researchers will compare four groups: Placebo group (a look-alike substance that contains no drug), 500 mg UA group, 500 mg Fisetin group and 300 mg UA + 200 mg Fisetin group.

Participants will:

Take the assigned capsules daily after breakfast for 12 weeks. Attend three clinic visits (baseline \[Week 0\], mid-intervention \[Week 4\], and post-intervention \[Week 12\]) including blood tests, sleep quality assessments (PSQI scale, actigraphy, polysomnography), and analysis of aging biomarkers (DNA methylation, inflammatory cytokines, etc.). Keep a sleep diary, complete a dietary survey, assess mental health, and measure frailty indicators. Provide stool and urine samples at baseline and post-intervention for gut microbiome and metabolite analysis. This trial aims to provide scientific evidence for the development of new nutritional intervention strategies to improve the healthy aging.",NO,Sleep Disorder|Aging,DIETARY_SUPPLEMENT: Fisetin intervention|DIETARY_SUPPLEMENT: Placebo|DIETARY_SUPPLEMENT: Urolithin A intervention,"Subjective Sleep Quality Score, Sleep quality will be assessed using the Pittsburgh Sleep Quality Index (PSQI), developed by psychiatrist Dr. Buysse in 1989. The PSQI includes seven components: subjective sleep quality, sleep latency, sleep duration, sleep efficiency, sleep disturbance, used sleep medication, and daytime dysfunction. Each component score ranges from 0 to 3, with a total score ranges from 0 to 21. Higher scores indicate poorer sleep quality, and a total score \>7 suggests clinically significant sleep impairment., From enrollment to the end of intervention at 12 weeks|Chronotype, Chronotype will be evaluated using the Morningness-Eveningness Questionnaire (MEQ), a self-reported scale consisting of 19 items assessing physiological and behavioral preferences across a 24-hour cycle. MEQ-5 will be used in this trial, which scores range from 4 to 25, with higher scores indicating a morning-oriented chronotype and lower scores reflecting an evening-oriented preference., From enrollment to the end of intervention at 12 weeks|Polysomnography, Polysomnography (PSG) is a comprehensive sleep assessment and the reference standard for objectively evaluating sleep physiology and sleep disorders. It records multiple signals during sleep, typically including electroencephalography, electrooculography, and electromyography, as well as respiratory airflow and effort, oxygen saturation, electrocardiography, and body position/limb movements, to characterize sleep stages, sleep architecture, and sleep-related events. PSG is commonly used to assess sleep-disordered breathing (e.g., obstructive sleep apnea), periodic limb movement disorder, and REM sleep behavior disorder. All PSG data in this study will be scored and analyzed according to American Academy of Sleep Medicine (AASM) guidelines., From enrollment to the end of intervention at 12 weeks","Number of participants with abnormal blood and urine routine tests results, We will conduct blood routine and urine routine tests, and report the number of people with abnormal tests results. The tests indicators include: Red Blood Cell Count (RBC), Hemoglobin (Hb), Hematocrit (Hct), White Blood Cell Count (WBC), Neutrophils (Neut# and Neut%), Lymphocytes (Lym# and Lym%), Monocytes (Mono# and Mono%), Platelet Count (PLT), Mean Corpuscular Volume (MCV), Mean Corpuscular Hemoglobin (MCH), Mean Corpuscular Hemoglobin Concentration (MCHC), Urine Physical Characteristics (Appearance, specific gravity, pH), Urine Biochemical Analysis (Protein, Glucose, Occult blood, Leukocytes, Erythrocytes, and Bacteria). Any abnormal results will be marked on the laboratory report., From enrollment to the end of intervention at 12 weeks|Homeostatic Model Assessment of Insulin Resistance, Plasma samples collected at different time points will be classified and labeled with two sets of each sample. An automated hematology analyzer in the hospital will be used.The degree of Insulin Resistance (IR) and sensitivity will be calculated by the Homeostatic Model Assessment (HOMA-IR) using the formula:

HOMA-IR=(Fasting Insulin (μIU/mL) × Fasting Glucose (mmol/L) )/22.5, From enrollment to the end of intervention at 12 weeks|Frailty Assessment, Frailty status will be evaluated using the Fried Frailty Phenotype. The Fried Frailty Phenotype includes exhaustion, weight loss, low physical activity, slow gait speed, and grip strength measurement.For consistency with previous literature, participants who meet 3 or more criteria will be diagnosed as frailty, those who meet 1 or 2 criteria will be classified as prefrailty, and those who meet none of the criteria will be considered as nonfrailty., From enrollment to the end of intervention at 12 weeks|Fatigue Severity Scale Score, The Fatigue Severity Scale will be used to measure the fatigue score of participants.Evaluates fatigue severity over the past week through 9 items, with each item scored from 1 (strongly disagree) to 7 (strongly agree). The total score ranges from 9 to 63. Higher scores indicate more severe fatigue., From enrollment to the end of intervention at 12 weeks|Patient Health Questionnaire-9 Score, The Patient Health Questionnaire-9 (PHQ-9) is a brief self-report scale commonly used in clinical practice to assess depressive symptoms. It consists of 9 questions, primarily asking about the experience of depressive symptoms over the past two weeks and their frequency. Each response is set from 0 (not at all) to 3 (nearly every day), with a total score range of 0 to 27. Higher scores indicate more severe depressive symptoms., From enrollment to the end of intervention at 12 weeks|Generalized Anxiety Disorder Scale Score, The Generalized Anxiety Disorder Scale (GAD-7) is a brief self-report scale used to assess anxiety symptoms over the past two weeks. It includes 7 questions, with responses rated from 0 to 3. The total score ranges from 0 to 21. Higher scores indicate more severe anxiety symptoms., From enrollment to the end of intervention at 12 weeks|Determination of Plasma Immunoglobulin Levels (g/L), The levels of immunoglobulin A (IgA), immunoglobulin G (IgG), and immunoglobulin M (IgM) in plasma samples will be measured using a fully automated biochemical analyzer, with all units expressed as g/L., From enrollment to the end of intervention at 12 weeks|DNA Methylation Clock, The DNA methylation clock is an algorithm that integrates DNA methylation measurements across the genome to quantify biological age changes. It is considered a highly accurate molecular marker of human biological age. This clock can detect DNA methylation age reversal up to three months in advance, thus showing potential for quantifying biological aging, assessing expected lifespan, or evaluating the efficacy of interventions., From enrollment to the end of intervention at 12 weeks|Profile of Mood States-Short Form (Chinese Version) Score, The Profile of Mood States-Short Form (Chinese Version) will be used to measure the energy score of participants. It measures energy levels using a 5-point scale ranging from 0 (never) to 4 (extremely), total score ranges from 0 to 160. Higher scores indicate greater vitality., From enrollment to the end of intervention at 12 weeks|Plasma Interleukin Levels, Plasma interleukin levels are primarily used to reflect the inflammatory and immune status. In this study, the concentrations of interleukins (IL-1β, IL-6, IL-8, IL-10, IL-11, IL-33, IL-23R, and IL-17A) will be measured in fasting plasma samples of participants using ELISA kits, with units expressed as pg/mL. Notably, IL-11, IL-33, IL-23R, and IL-17A have recently gained attention as key molecules associated with aging., From enrollment to the end of intervention at 12 weeks|Gut Microbiota Diversity Analysis (Based on 16S rRNA Gene Sequencing), Stool samples (10g) from participants will be collected. These samples will be rapidly frozen in dry ice to stop metabolic reactions. DNA will be extracted from the frozen stool samples using the GNOME DNA isolation kit, and 16S rRNA sequencing will be performed using the IlluminaHiSeq2500 platform. 16S rRNA gene sequencing is a common method for analyzing the composition of the gut microbiota by high-throughput sequencing technology, widely used to assess the diversity and structural changes of the gut microbiota. The process includes DNA extraction from stool samples, amplification of specific regions of the 16S rRNA gene (such as the V3-V4 regions), and sequencing of the amplicons using a high-throughput sequencing platform (e.g., Illumina). Data quality control and microbiome structure analysis will be performed using bioinformatics tools (such as QIIME, Mothur and USEARCH) to assessing diversity., From enrollment to the end of intervention at 12 weeks|D-lactic acid level, D-lactic acid level (μmol/L) in peripheral blood will be measured as an indicator of intestinal mucosal barrier integrity. Under physiological conditions, circulating D-lactic acid remains at trace concentrations in micromolar range. Elevated serum level reflects increased intestinal permeability due to mucosal damage from inflammation or ischemia, allowing bacterial-derived D-lactic acid to enter circulation., From enrollment to the end of intervention at 12 weeks|NAD+ Level Measurement, Nicotinamide adenine dinucleotide (NAD+) plays a crucial role in cellular energy metabolism, redox reactions, and aging, which will be evaluated to monitor metabolic status and intervention efficacy. Methods include high-performance liquid chromatography (HPLC), mass spectrometry (MS), HPLC-MS/MS, and ELISA. Although ELISA has relatively lower accuracy, it is convenient to use. For this study commercial ELISA kits will be used., From enrollment to the end of intervention at 12 weeks|Quality of Life Assessment, The World Health Organization Quality of Life Brief Version (WHOQOL-BREF) will be administered at baseline (week 0) and the end of intervention (week 12) to assess changes across four domains: physical health, psychological status, social relationships, and environmental factors. This instrument assesses the overall impact of the intervention on participants' quality of life.The standardized scores range from 0 to 100, with higher scores indicating a better quality of life., From enrollment to the end of intervention at 12 weeks|Arterial stiffness assessment, Arterial stiffness will be assessed as a secondary outcome using an automated, noninvasive oscillometric vascular screening system. Bilateral brachial and ankle blood pressures and pulse waveforms will be recorded to derive brachial-ankle pulse wave velocity (baPWV) and the ankle-brachial index (ABI), along with peripheral blood pressure and heart rate, following standardized resting conditions and the manufacturer's recommended procedures., From enrollment to the end of intervention at 12 weeks|Cardiopulmonary exercise testing, Cardiopulmonary exercise testing (CPET) will be conducted using an incremental, symptom-limited protocol on an electronically braked cycle ergometer. Participants will complete standardized pre-test screening and resting measurements, followed by a brief warm-up and stepwise increases in workload until volitional exhaustion or predefined termination criteria are met. Breath-by-breath gas exchange will be measured continuously to derive oxygen uptake (VO₂), carbon dioxide production (VCO₂), and minute ventilation (VE), alongside concurrent monitoring of heart rate, blood pressure, and electrocardiography. Key outcomes will include peak oxygen uptake (VO₂peak) and ventilatory threshold-based indices, with test procedures and interpretation aligned with established CPET guidelines., From enrollment to the end of intervention at 12 weeks",,Huazhong University of Science and Technology,"Wuhan Wuchang Hospital|Abinopharm, Inc",ALL,"ADULT, OLDER_ADULT",NA,83,OTHER,INTERVENTIONAL,"Allocation: RANDOMIZED | Intervention Model: PARALLEL | Masking: QUADRUPLE (PARTICIPANT, CARE_PROVIDER, INVESTIGATOR, OUTCOMES_ASSESSOR) | Primary Purpose: TREATMENT",2025-008-01,2025-09-16,2026-09-30,2026-12-30,2025-05-25,,2026-08-10,"Wuchang Hospital Affiliated to Wuhan University of Science and Technology, Wuhan, Hubei, 430000, China",
NCT06431932,Pilot Trial of Fisetin in Healthy Volunteers and Older Patients With Multimorbidity,https://clinicaltrials.gov/study/NCT06431932,Fisetin HIGH,RECRUITING,"The accumulation of senescent cells with age is a central mechanism that contributes to the development of chronic diseases, primarily by driving systemic chronic inflammation. Senolytic compounds such as fisetin can selectively target senescent cells for elimination and reduce multiple age-related pathologies in animal models.

We will conduct a clinical trial in healthy volunteers and older patients with multiple chronic diseases. The participants will receive fisetin or placebo for two days, after which they will be examined at regular intervals for up to three months. We will investigate how fisetin is absorbed and metabolized by the body, and whether fisetin is safe. We will also identify methods to best measure the effect of fisetin on chronic inflammation, senescent cells, and general health.",NO,Multimorbidity|Healthy,DRUG: Fisetin|DRUG: Placebo,"Population-based pharmacokinetic model for fisetin and metabolites, To develop a population-based pharmacokinetic (popPK) model for fisetin and its main metabolites in healthy volunteers and older patients, covariates such as body weight, body composition, age, and CYP inducers/inhibitors will be tested for influence on interindividual variability., 24 hours|Adverse events, Number of participants to experience adverse events, Day 1 to 3|suPAR, The change in plasma levels of suPAR and a sample size calculation based on these data., Day 1 to 29","Population-based PKPD model for fisetin, Changes in any of the measured biomarkers and the relationship between the pharmacokinetics and pharmacodynamics of fisetin will be investigated using population PKPD modeling., 24 hours|Renal excretion of fisetin and its main metabolites, Urinary levels of fisetin and its main metabolites, 24 hours|Symptoms and adverse events, Number of participants to experience symptoms and clinically significant changes in vital signs (i.e., blood pressure, pulse)., Day 1 to 3|SASP factors and inflammation markers, The change in plasma levels of SASP factors and inflammation markers (e.g., cytokines, chemokines, proteases, growth factors)., Healthy volunteers: day 1, 2, 29. Older patients: day 1, 2, 8, 15, 29, 57, 84.|Senescence, The change in expression levels of senescence markers (e.g., p16INK4a, p21CIP1/WAF1, SA-B-gal) in immune cells and tissue biopsies (skin and adipose tissue)., Healthy volunteers: day 1, 29. Older patients: day 1, 8, 15, 29, 84.|Senolysis, The change in expression levels of senolysis markers (e.g., leukotriene B4, dihomo-15d-PGJ2 (oxylipin or 1a,1b-dihomo-15-deoxy-D12,14-prostaglandin J2), and 15-Deoxy-delta 12, 14-prostaglandin J2)., Healthy volunteers: day 1, 2, 29. Older patients: day 1, 2, 8, 15, 29, 84.|Aging markers, The change in plasma levels of aging markers (e.g., α-klotho, fibroblast growth factor 21)., Healthy volunteers: day 1, 2, 29. Older patients: day 1, 2, 8, 15, 29, 57, 84.|Clinical markers, The change in levels of routine biochemistry markers (e.g., alanine aminotransferase, albumin, alkaline phosphatase, bilirubin, blood urea nitrogen, coagulation factors II, VII and X and International Normalized Ratio, CRP, creatinine, hemoglobin, lactate dehydrogenase, mean corpuscular hemoglobin concentration, mean corpuscular volume, neutrophils, potassium, sodium, thrombocytes, white blood cell count, cholesterol (total, low-density lipoproteins, high-density lipoproteins), triglycerides, and hemoglobin A1c)., Healthy volunteers: day 1, 2, 29. Older patients: day 1, 2, 8, 15, 29, 57, 84.|Frailty Index OutRef, The change in frailty status calculated as Frailty Index OutREF (FI-OutRef)., Healthy volunteers: day 1, 29. Older patients: day 1, 2, 8, 15, 29, 57, 84.|Frailty Index, The change in frailty status calculated using a modified version of Fried frailty criteria., Healthy volunteers: day 1, 29. Older patients: day 1, 2, 8, 15, 29, 57, 84.|Physical function, The change in physical function (e.g., gait speed, hand grip strength, chair stand test, balance)., Healthy volunteers: day 1, 29. Older patients: day 1, 29, 84.|Cognitive function (Montreal Cogntive Assessment), The change in cognitive function assessed using the MoCA score (0-30 with higher scores representing better cognitive function)., Healthy volunteers: day 1, 29. Older patients: day 1, 29, 84.|Cognitive function (Digit Symbol Substitution Test), The change in cognitive function assessed using the Digit Symbol Substitution Test (number of correct symbols)., Healthy volunteers: day 1, 29. Older patients: day 1, 29, 84.|Quality of life, The change in quality of life assessed using the EuroQol-5D-5L (index value and VAS scale 0-100; with higher scores representing better quality of life)., Healthy volunteers: day 1, 29. Older patients: day 1, 29, 84.|Self-rated health, The change in self-rated health (score 1-5; 1:""excellent"", 2:""very good"", 3:""good"", 4:""fair"", or 5:""bad"")., Healthy volunteers: day 1, 29. Older patients: day 1, 29, 84.",,Ove Andersen,University of Southern Denmark|Mayo Clinic,ALL,"ADULT, OLDER_ADULT",PHASE1|PHASE2,60,OTHER,INTERVENTIONAL,"Allocation: RANDOMIZED | Intervention Model: PARALLEL | Masking: QUADRUPLE (PARTICIPANT, CARE_PROVIDER, INVESTIGATOR, OUTCOMES_ASSESSOR) | Primary Purpose: TREATMENT",Fisetin HIGH|2023-506284-34-00|2023,2026-03-24,2028-12-31,2028-12-31,2024-05-29,,2026-05-19,"Department of Clinical Research, Copenhagen University Hospital Amager & Hvidovre, Hvidovre, 2650, Denmark",
NCT05595499,Fisetin to Improve Physical Function in Stage I-III Breast Cancer Survivors,https://clinicaltrials.gov/study/NCT05595499,,RECRUITING,"This phase II trial tests whether fisetin works to improve physical function in women who have received chemotherapy for stage I-III breast cancer treatment. Fisetin is a naturally occurring substance that is found in strawberries and other foods. Fisetin eliminates cells that have undergone a process called senescence. Senescence is when a cell ages and permanently stops dividing but does not die. Over time, large numbers of these cells build up in tissues throughout the body and can release harmful substances that causes inflammation and damages nearby healthy cells. Studies have shown that chemotherapy causes a build-up of these senescent cells. Giving fisetin may eliminate senescent cells and improve physical function in postmenopausal women who have received chemotherapy for breast cancer.",NO,Anatomic Stage I Breast Cancer AJCC v8|Anatomic Stage II Breast Cancer AJCC v8|Anatomic Stage III Breast Cancer AJCC v8,PROCEDURE: Biospecimen Collection|DRUG: Fisetin|DRUG: Placebo Administration|OTHER: Quality-of-Life Assessment|OTHER: Questionnaire Administration,"Change in 6-minute walk distance (6MWD), The 6MWD is a validated measure of physical function. Participants walk at their own pace for 6 minutes and distance (in meters) is measured at the end. Will be treated as a continuous variable. Its distribution will be transformed to normality as appropriate, Initially, a simple t-test will be used to compare the means of 6MWD at Day 60 by treatment groups., Baseline to day 60","Change in grip strength, Generalized estimating equation (GEE) models will be fitted. The variables also will be dichotomized (e.g., \< median, \>= median) and GEE models for binary data used to access change in grip strength.

Grip strength will be obtained using a hand dynamometer., From baseline to day 60|Change in Short Physical Performance Battery score, GEE models will be fitted. The variables also will be dichotomized (e.g., \< median, \>= median) and GEE models for binary data used to access change in short physical performance battery score., From baseline to day 60|Change in frailty phenotype, GEE models will be fitted. The variables also will be dichotomized (e.g., \< median, \>= median) and GEE models for binary data used to test treatment effects over time., From baseline to day 60|Change in physical function component of 36-item Short Form (SF-36), GEE models will be fitted. The variables also will be dichotomized (e.g., \< median, \>= median) and GEE models for binary data used to test treatment effects over time., From baseline to day 60|Change in the Borg Rating of Perceived Exertion score, GEE models will be fitted. The variables also will be dichotomized (e.g., \< median, \>= median) and GEE models for binary data used to test treatment effects over time., From baseline to day 60|Change in Quality of Life Questionnaire Chemotherapy-Induced Peripheral Neuropathy 20 scores, GEE models will be fitted. The variables also will be dichotomized (e.g., \< median, \>= median) and GEE models for binary data used to test treatment effects over time., From baseline to day 60|Change in Patient Reported Outcomes Measurement Information System cognitive function short form score, GEE models will be fitted. The variables also will be dichotomized (e.g., \< median, \>= median) and GEE models for binary data used to test treatment effects over time., From baseline to day 60|Change in composite SF-36 score, GEE models will be fitted. The variables also will be dichotomized (e.g., \< median, \>= median) and GEE models for binary data used to test treatment effects over time., From baseline to day 60|Change in sleep (Insomnia Severity Index score), GEE models will be fitted. The variables also will be dichotomized (e.g., \< median, \>= median) and GEE models for binary data used to test treatment effects over time., From baseline to day 60|Change in anxiety (Generalized Anxiety Disorder-7 score), GEE models will be fitted. The variables also will be dichotomized (e.g., \< median, \>= median) and GEE models for binary data used to test treatment effects over time., From baseline to day 60|Change in depression (Patient Health Questionnaire-8 score), GEE models will be fitted. The variables also will be dichotomized (e.g., \< median, \>= median) and GEE models for binary data used to test treatment effects over time., From baseline to day 60|Local recurrence free survival, Will be compared between fisetin and placebo using the stratified log-rank test. The stratified Cox regression model will be used to obtain the estimate of the hazard ratio and the 95% confidence interval. The distributions of various survival endpoints will be estimated using the Kaplan-Meier method., Up to 3 years|Distant recurrence free survival, Will be compared between fisetin and placebo using the stratified log-rank test. The stratified Cox regression model will be used to obtain the estimate of the hazard ratio and the 95% confidence interval. The distributions of various survival endpoints will be estimated using the Kaplan-Meier method., Up to 3 years|Breast cancer specific survival and overall survival, Will be compared between fisetin and placebo using the stratified log-rank test. The stratified Cox regression model will be used to obtain the estimate of the hazard ratio and the 95% confidence interval. The distributions of various survival endpoints will be estimated using the Kaplan-Meier method., Up to 3 years|Overall survival, Will be compared between fisetin and placebo using the stratified log-rank test. The stratified Cox regression model will be used to obtain the estimate of the hazard ratio and the 95% confidence interval. The distributions of various survival endpoints will be estimated using the Kaplan-Meier method., Up to 3 years|Adverse events rates, Measured by National Cancer Institute Common Terminology Criteria for Adverse Events (CTCAE) version (v.)5. Adverse events will be determined at each time point per patient as the presence (yes/no) of toxicities (CTCAE v 5.0) of grade \>= 2. The number of patients with adverse events will be compared by treatment arms using Fisher's exact test. GEE models for binary data will also be used to compare the proportion of patients with adverse events over time by treatment., Up to 90 days|Adherence rate, Measured by pill diary. Treatment adherence (yes/no) for each patient at each time point will be determined. A patient will be considered adherent (coded 1) if she took all the required capsules within the allotted time, and non-adherent (coded 0) otherwise. The number of capsules taken in the allotted time out of the total required will also be recorded. Will then compare between treatments the proportion of adherent patients and the average proportion of capsules taken within the allotted time across patients at each time point using the t-test. Time point-specific analysis will be performed since conditions for pill-taking differ between the clinic (supervised) and patients' home (self-administered)., From baseline up to 30 days",,Jonsson Comprehensive Cancer Center,National Cancer Institute (NCI)|National Institute on Aging (NIA),FEMALE,"CHILD, ADULT, OLDER_ADULT",PHASE2,88,OTHER,INTERVENTIONAL,Allocation: RANDOMIZED | Intervention Model: PARALLEL | Masking: NONE | Primary Purpose: TREATMENT,23-001170|NCI-2022-08061|P30CA016042|R21CA277660|K76AG074918,2023-03-27,2027-08-14,2028-08-14,2022-10-27,,2026-07-17,"UCLA Health Cancer Care in Alhambra, Alhambra, California, 91801, United States|UCLA Health Beverly Hills Primary & Specialty Care, Beverly Hills, California, 90210, United States|UCLA Health Burbank Primary & Specialty Care, Burbank, California, 91505, United States|City of Hope Comprehensive Cancer Center, Duarte, California, 91010, United States|UCLA / Jonsson Comprehensive Cancer Center, Los Angeles, California, 90095, United States|UCLA Health Primary Care in Marina del Rey, Marina del Rey, California, 90292, United States|UCLA Health Primary Care in Pasadena, Pasadena, California, 91105, United States",
NCT03675724,"Alleviation by Fisetin of Frailty, Inflammation, and Related Measures in Older Adults",https://clinicaltrials.gov/study/NCT03675724,AFFIRM-LITE,ENROLLING_BY_INVITATION,"This is a pilot study to test the efficacy of the anti-inflammatory drug (Fisetin) in reducing inflammatory factors in blood in elderly adults and to test the efficacy of the drug (Fisetin) in reducing frailty and markers of inflammation, insulin resistance, and bone resorption in elderly adults.",NO,Frail Elderly Syndrome,DIETARY_SUPPLEMENT: Fisetin|DRUG: Placebo oral capsule,"Decrease in blood inflammation markers, Percent decrease in blood inflammation markers, Seven Days",,,Mayo Clinic,,ALL,OLDER_ADULT,PHASE2,40,OTHER,INTERVENTIONAL,"Allocation: RANDOMIZED | Intervention Model: PARALLEL | Masking: DOUBLE (PARTICIPANT, INVESTIGATOR) | Primary Purpose: TREATMENT",18-007332,2018-11-15,2026-11,2027-11,2018-09-18,,2026-05-22,"Mayo Clinic in Rochester, Rochester, Minnesota, 55905, United States",
NCT03430037,"Alleviation by Fisetin of Frailty, Inflammation, and Related Measures in Older Women",https://clinicaltrials.gov/study/NCT03430037,AFFIRM,ENROLLING_BY_INVITATION,"This is a pilot study to evaluate whether targeting inflammation will help reduce markers of insulin resistance inflammation, bone resorption and physical dysfunction in elderly women with gait disturbance. Positive results of this study would lead to the development of a larger clinical trial examining the effects of this intervention on age-related dysfunction.",NO,Frail Elderly Syndrome,DIETARY_SUPPLEMENT: Fisetin|DRUG: Placebo oral capsule,"Improved 6 minute walk, Improved gait speed, One Month",,,Mayo Clinic,,FEMALE,OLDER_ADULT,PHASE2,40,OTHER,INTERVENTIONAL,"Allocation: RANDOMIZED | Intervention Model: PARALLEL | Masking: DOUBLE (PARTICIPANT, INVESTIGATOR) | Primary Purpose: TREATMENT",17-000472,2018-02-06,2026-11,2027-11,2018-02-12,,2026-05-11,"Mayo Clinic in Rochester, Rochester, Minnesota, 55905, United States",
NCT04771611,COVFIS-HOME: COVID-19 Pilot Study of Fisetin to Alleviate Dysfunction and Decrease Complications,https://clinicaltrials.gov/study/NCT04771611,COVFIS-HOME,COMPLETED,"The purpose of this study is to test whether Fisetin, a senolytic drug can assist in the reduction of complications in patients with COVID-19 infection.",YES,Covid19|Coronavirus Infection,DRUG: Fisetin|DRUG: Placebo,"World Health Organization (WHO) Ordinal Scale Score, The number of subjects who scored as No limitations (Score 0-1) and Ambulatory, limitations (score 2-8) on the WHO Ordinal Scale score. The 9 points of the WHO ordinal clinical severity scale are as follows: 0: no clinical or virological evidence of infection; 1: ambulatory, no activity limitation; 2: ambulatory, activity limitation; 3: hospitalized, no oxygen therapy; 4: hospitalized, oxygen mask or nasal prongs; 5: hospitalized, noninvasive mechanical ventilation (NIMV) or high-flow nasal cannula (HFNC); 6: hospitalized, intubation and invasive mechanical ventilation (IMV); 7: hospitalized, IMV + additional support such as pressors or extracardiac membranous oxygenation (ECMO); 8: death. Total scores range from 0-8. Lower scales indicate less limitations, higher scores indicate more limitations., 60 days","Serious Adverse Events, The number of serious adverse events reported, 60 days",,"James L. Kirkland, MD, PhD",,ALL,"ADULT, OLDER_ADULT",PHASE2,55,OTHER,INTERVENTIONAL,"Allocation: RANDOMIZED | Intervention Model: PARALLEL | Masking: DOUBLE (PARTICIPANT, INVESTIGATOR) | Primary Purpose: TREATMENT",20-009705,2021-07-14,2022-09-27,2022-09-27,2021-02-25,2023-08-01,2023-08-01,"Mayo Clinic, Rochester, Minnesota, 55905, United States","Study Protocol and Statistical Analysis Plan, https://cdn.clinicaltrials.gov/large-docs/11/NCT04771611/Prot_SAP_000.pdf"
NCT04537299,COVID-FIS: Pilot in COVID-19 (SARS-CoV-2) of Fisetin in Older Adults in Nursing Homes,https://clinicaltrials.gov/study/NCT04537299,COVID-FIS,TERMINATED,"The purpose of this study is to test whether Fisetin, a senolytic drug, can assist in preventing an increase in the disease's progression and alleviate complications of coronavirus due to an excessive inflammatory reaction.",YES,Covid19|SARS-CoV Infection,DRUG: Fisetin|DRUG: Placebo,"Change in COVID-19 Severity, The Ordinal Scale for Clinical Improvement was used to assess change in COVID-19 Severity. The scale has a minimum value of 0 (no clinical or virological evidence of infection) and a maximum value of 8 (death) with higher scores indicating a worse outcome., Baseline, Day 2, 8, 10, 14, 30, 90 and 180",,,Mayo Clinic,National Institute on Aging (NIA),ALL,OLDER_ADULT,PHASE2,20,OTHER,INTERVENTIONAL,"Allocation: RANDOMIZED | Intervention Model: PARALLEL | Masking: DOUBLE (PARTICIPANT, INVESTIGATOR) | Primary Purpose: TREATMENT",20-008867|1R01AG072301-01,2022-04-29,2024-08-31,2024-11-30,2020-09-03,2025-08-26,2025-08-26,"Mayo Clinic, Rochester, Minnesota, 55905, United States","Study Protocol and Statistical Analysis Plan, https://cdn.clinicaltrials.gov/large-docs/99/NCT04537299/Prot_SAP_001.pdf|Informed Consent Form, https://cdn.clinicaltrials.gov/large-docs/99/NCT04537299/ICF_000.pdf"
NCT07678346,Evaluation of AppleX™ Apple Extract on Anti-Inflammatory and Healthy Aging Effects,https://clinicaltrials.gov/study/NCT07678346,,NOT_YET_RECRUITING,"The goal of this clinical trial is to learn if AppleX™ Apple Extract can help lower systemic inflammation in adults aged 45-70 with signs of low-grade inflammation. It will also look at the extract's effects on fatigue, joint comfort, and biological aging metrics.

The main questions it aims to answer are:

* Does taking AppleX™ Apple Extract daily lower high-sensitivity C-reactive protein (hsCRP) levels, a key marker of inflammation in the blood?
* Does AppleX™ Apple Extract improve participant-reported fatigue and joint comfort?
* Does the extract slow down biological or epigenetic aging metrics compared to a placebo?

Researchers will compare AppleX™ Apple Extract to a placebo (a look-alike capsule that contains no active ingredients) to see if the apple extract has a measurable anti-inflammatory and healthy aging effect.",NO,Systemic Inflammation (hsCRP)|Healthy Aging|Vitality|Healthy Adult Participants,DIETARY_SUPPLEMENT: Apple Extract|OTHER: Placebo,"Change from Baseline in High-Sensitivity C-Reactive Protein (hsCRP) at Week 24, Evaluation of systemic inflammation via high-sensitivity C-reactive protein levels quantified from dried blood spot micro-sampling., Baseline (Week 0) and Week 24","Change from Baseline in Self-Reported Vitality and Energy Levels at Week 24, Assessment of participant-reported vitality and energy using the Patient-Reported Outcomes Measurement Information System (PROMIS) questionnaire. Higher scores indicate greater vitality., Baseline, Week 12, Week 24|Change from Baseline in Self-Reported Fatigue at Week 24, Assessment of physical and mental fatigue using the Multidimensional Fatigue Inventory (MFI-20) questionnaire. Lower scores indicate less fatigue., Baseline, Week 12, Week 24|Change from Baseline in Self-Reported Joint Comfort at Week 24, Assessment of joint comfort scores captured via standardized visual analog questionnaires., Baseline, Week 12, Week 24","Exploratory: Change from Baseline in Epigenetic Aging Metrics at Week 24, Evaluation of biological age and pace of aging markers derived from blood DNA methylation patterns utilizing the TruAge platform. The primary algorithm of interest is DunedinPACE (evaluating the instantaneous pace of aging). Secondary exploratory metrics evaluated from the same platform assay include OMICm Age (cumulative biological age) and organ-specific biological aging rates (including SYMPHONYAge)., Baseline (Week 0) and Week 24","Nutraland USA, Inc.","Alethios, Inc.",ALL,"ADULT, OLDER_ADULT",NA,70,INDUSTRY,INTERVENTIONAL,"Allocation: RANDOMIZED | Intervention Model: PARALLEL | Masking: TRIPLE (PARTICIPANT, INVESTIGATOR, OUTCOMES_ASSESSOR) | Primary Purpose: BASIC_SCIENCE",NLAX-001,2026-07,2027-01,2027-02,2026-07-01,,2026-07-01,"Alethios, Inc., San Francisco, California, 94109, United States",
NCT07025226,"Medication Combinations of Dasatinib, Quercetin, Fisetin, Temozolomide, LMP744, and Autologous TLPO Vaccine for the Treatment of Previously Treated Glioma With Residual Disease",https://clinicaltrials.gov/study/NCT07025226,Senolytics,RECRUITING,"This early phase I trial tests the safety, side effects and how well medication combinations of dasatinib, quercetin, fisetin, temozolomide, LMP744, and autologous tumor lysate particle only (TLPO) vaccine work in treating patients with glioma for which the patient has received treatment in the past (previously treated) and for tumor cells that remain after attempts to treat the tumor have been made (residual disease). Dasatinib is in a class of medications called tyrosine kinase inhibitors. It works by blocking the action of an abnormal protein that signals tumor cells to multiply, which may help keep tumor cells from growing. Quercetin and fisetin are compounds found in plants. They have antioxidant and anti-inflammatory properties and help remove senescent cells, older or damaged cells that have stopped dividing but don't die off as they should and build up in tissues over time. Senescent cells may cause inflammation or damage to nearby healthy cells. Temozolomide is in a class of medications called alkylating agents. It works by damaging the cell's deoxyribonucleic acid (DNA) and may kill tumor cells and slow down or stop tumor growth. LMP744 works by interfering with a protein that tumor cells use to copy and repair their DNA. By blocking this repair process, the drug causes DNA damage so that tumor cells cannot survive. The autologous TLPO vaccine is made using material from a patient's own tumor. It delivers the tumor material to immune cells so they can learn to recognize and attack the cancer. Giving medication combinations of dasatinib, quercetin, fisetin, temozolomide, LMP744, and autologous TLPO vaccine may be safe, tolerable and/or effective in treating patients with previously treated glioma with residual disease.",NO,Glioma,PROCEDURE: Biospecimen Collection|DRUG: Dasatinib|DRUG: Fisetin|PROCEDURE: Magnetic Resonance Imaging|OTHER: Patient Observation|PROCEDURE: Positron Emission Tomography|DRUG: Quercetin|DRUG: Temozolomide|DRUG: Topoisomerase-1 Inhibitor LMP744|DRUG: Single Agent Therapy,"Completion of 3 cycles, Will evaluate feasibility of serially screening multiple candidate therapies or combinations based on individualized empiric biological feedback from biospecimens and imaging. This will be measured as the percentage of patients successfully completing 3 cycles of drug administration (study visits). A cycle is 35 +/- 7 days. Regimen will be considered feasible if at least 2/3 of patients can achieve this target., Up to 16 weeks|Turnaround time for scan and marker data, Will also evaluate feasibility as the turnaround time for scan and marker data that is used to determine if patients should stay on current therapy or move to the next regimen. The outcomes will be cycle-specific. A cycle is 35 +/- 7 days. The target for this is a mean turnaround time of 3 days; if the maximum turnaround time exceeds 5 days, this will prompt an evaluation of process to identify barriers., Up to 16 weeks (completion of 3 cycles)","Incidence of adverse events, Will assess the safety of this algorithm-based approach to individualized therapeutic drug combinations in patients with pre-recurrent central nervous system tumors. The study drugs will be considered well-tolerated with no grade 3 or higher adverse event attributable to the drugs in the 10 patients. Adverse events will be evaluated per the Common Terminology Criteria for Adverse Events (CTCAE) version 5 criteria and summarized by type and severity as well as perceived attribution to study treatment for each of the regimens received by patients., Up to 3 years|Change in senescence-associated proteins, Will evaluate relative change from baseline in enrichment for a panel of senescence-associated proteins in cerebrospinal fluid (CSF) for each sequentially administered senolytic agent. An effective senolytics regimen will decrease CSF senescence associated secretory phenotype, including monocyte chemoattractant protein-1 levels, by at least 25%., Baseline; up to 3 years|Cell-free mitochondrial deoxyribonucleic acid (DNA), Will evaluate the percentage change in cell-free mitochondrial DNA. An effective senolytics regimen will decrease cell-free mitochondrial DNA by at least 25%., Baseline; up to 3 years|2-Hydroxyglutarate (2-HG), Will evaluate the percentage change in 2-HG., Baseline; up to 3 years|Amplified DNA junctions, Will evaluate the percentage change in amplified DNA junctions (if applicable)., Baseline; up to 3 years|Volume of disease, Will evaluate the percentage change in the volume of disease above a tumor to normal standardized uptake value maximum ratio of 2 from fluorodopa F 18-positron emission tomography., Baseline; up to 3 years",,Mayo Clinic,,ALL,"ADULT, OLDER_ADULT",EARLY_PHASE1,30,OTHER,INTERVENTIONAL,Allocation: NON_RANDOMIZED | Intervention Model: SEQUENTIAL | Masking: NONE | Primary Purpose: TREATMENT,MC230715|23-008241,2025-08-12,2028-09-01,2028-09-01,2025-06-17,,2026-10-01,"Mayo Clinic in Rochester, Rochester, Minnesota, 55905, United States",
NCT04210986,Senolytic Drugs Attenuate Osteoarthritis-Related Articular Cartilage Degeneration: A Clinical Trial,https://clinicaltrials.gov/study/NCT04210986,,COMPLETED,"Phase I/II randomized, double-blind, placebo-controlled clinical trial to test the safety and efficacy of Fisetin for treating mild to moderate osteoarthritis",YES,"Osteoarthritis, Knee",DIETARY_SUPPLEMENT: Fisetin|DRUG: Placebo oral capsule,"Number of Participants Experiencing One or More Treatment-Emergent Adverse Event, Number of Participants Experiencing one or more Treatment-Emergent Adverse Event (TEAE) within each group., Duration of study, an average of 12 months","Change in Levels of Pro-inflammatory Markers Associated With Senescence, Serum C-reactive protein (CRP) level measured on ELISA. The enzyme linked immunoassay (ELISA) is a laboratory technique that detects certain antigens in the blood. ELISA was used to detect the level of CRP in the blood. The liver releases CRP into blood in response to inflammation. All post-intervention group comparisons were adjusted for the baseline value as a covariate., 14 days, 45 days, 6 months, 12 months (post 1st drug dose)|Change in Levels of Cartilage Degenerating Markers Associated With OA, Serum cartilage oligomeric matrix protein (COMP) level measured on ELISA. All post-intervention group comparisons were adjusted for the baseline value as a covariate., 14 days, 45 days, 6 months, 12 months (post 1st drug dose)|Change in Physical Function of the Study Knee (6 Min Walk), The 6 minute walk test (6MWT) assesses distance (in meters) walked over 6 minutes as a sub-maximal test of aerobic capacity, exercise tolerance and endurance. The score range for healthy adults is 400-700 m, depending on age and sex. Shorter distances indicate increased impairment. All post-intervention group comparisons were adjusted for the baseline value as a covariate., 6 months, and 12 months (post 1st drug dose)|Change in Physical Function of the Study Knee (Timed-up-and-go Test), The Timed Up and Go (TUG) test measures how long it takes (in seconds) to stand up, walk a distance of 10 feet, turn, walk back, and sit down again. \< 10 seconds is considered normal. Longer times indicate poorer function. All post-intervention group comparisons were adjusted for the baseline value as a covariate., 6 months, and 12 months (post 1st drug dose)|Change in Physical Function of the Study Knee (Fast 4-meter Walk), fast 4-meter walk test (4MW). The 4MW was assessed at the fastest safe speed for each participant. This test assesses the capacity for performance of certain activities (e.g., crossing a street before the light changes). Units are m/s, and slower speeds indicate greater impairment. All post-intervention group comparisons were adjusted for the baseline value as a covariate., 6 months, and 12 months (post 1st drug dose)|Change in Physical Function of the Study Knee (LEK), Peak knee adduction moment (KAM) during stance phase of gait in the affected leg, determined using video-motion analysis and force plate data. Values are normalized by mass\*height of participant. Higher KAM has been associated with more rapid osteoarthritis progression. All post-intervention group comparisons were adjusted for the baseline value as a covariate., 6 months, and 12 months (post 1st drug dose)|Change in Physical Function of the Study Knee (Stair-Climbing Test), The Stair-Climbing Test assesses the time required (in seconds) to ascend and descend a standard flight of 10 stairs. Longer times indicate poorer physical function. Stairs require greater knee extensor force than gait, so this test may be more sensitive to osteoarthritis pain and function than walking tests. All post-intervention group comparisons were adjusted for the baseline value as a covariate., 6 months, and 12 months (post 1st drug dose)|Change in Muscle Strength (Isokinetic Dynamometry), This test utilizes an isokinetic dynamometer to assess the peak knee extension torque that can be produced by the affected leg at a constant rate of knee extension (60 degrees/s). The resulting measure is normalized by body mass and reported with units Newton-meters (Nm). Increased torque over time would indicate improved muscle strength and/or decreased joint pain. All post-intervention group comparisons were adjusted for the baseline value as a covariate., 6 months, and 12 months (post 1st drug dose)|Evaluation of Patient Reported Outcomes (PROs) for Knee Pain, Numeric Rating Scale (NRS) reporting 'pain today'. Scale of 0-10 with 0 representing 'no pain' and 10 representing 'severe pain'. All post-intervention group comparisons were adjusted for the baseline value as a covariate., every 3 days for the first 6-weeks of drug dosing, then weekly for an additional 6 weeks.|Evaluation of Patient Reported Outcomes (PROs) for Knee Function, Western Ontario and McMaster Universities Arthritis Index (WOMAC) - total score. Scores range from 0 to 96 for the total WOMAC where 0 represents the best health status and 96 the worst possible status. The higher the score, the poorer the function. All post-intervention group comparisons were adjusted for the baseline value as a covariate., 6 months, 12 months, and 18 months (post 1st drug dose)|Change in the Quality of Articular Cartilage in the Study Knee With Quantitative Magnetic Resonance Imaging (MRI), Mean T2 relaxation times were determined across 4 subregions: central medial femur (CMF), central lateral femur (CLF), central medial tibia (CMT), and central lateral tibia (CLT). All post-intervention group comparisons were adjusted for the baseline value as a covariate. The mean T2 changes over time for all subregions were listed in rank order from most positive (indicating worsened cartilage condition over time) to most negative (indicating improved cartilage condition over time). These unitless rankings were used in a Sum of Ranks statistical analysis to compare cartilage changes across different knee joint regions without assuming normality (as appropriate for MRI data). There are no published standards for what would be considered a clinically significant effect for sum-of-ranks cartilage T2 data, so it was assumed that a statistically significant difference would imply clinical significance as well., 6 months, and 12 months (post 1st drug dose)|Number of Participants Who Convert to Alterative Treatment Within Each Group., Patients will be allowed to receive a steroid injection and still participate in the study. All participants that undergo alternative therapy (e.g. total knee arthroplasty or biologic injection) will be recorded, and proportions will be compared between groups., Any time during 18-month monitoring period.",,Steadman Philippon Research Institute,United States Department of Defense|Office of Naval Research (ONR),ALL,"ADULT, OLDER_ADULT",PHASE1|PHASE2,75,OTHER,INTERVENTIONAL,"Allocation: RANDOMIZED | Intervention Model: PARALLEL | Masking: QUADRUPLE (PARTICIPANT, CARE_PROVIDER, INVESTIGATOR, OUTCOMES_ASSESSOR) | Primary Purpose: TREATMENT",2019-16,2020-01-06,2023-01-05,2023-02-01,2019-12-26,2024-09-19,2024-09-19,"The Steadman Clinic, Vail, Colorado, 81657, United States","Study Protocol, Statistical Analysis Plan, and Informed Consent Form, https://cdn.clinicaltrials.gov/large-docs/86/NCT04210986/Prot_SAP_ICF_002.pdf"
NCT04994561,"VIAging Deceleration Trial Using Metformin, Dasatinib, Rapamycin and Nutritional Supplements",https://clinicaltrials.gov/study/NCT04994561,,WITHDRAWN,This study aims to assess the safety and efficacy of study drugs and supplements on clinical (structural and functional) signs of aging and to explore/identify other possible biological measures of aging.,NO,Aging,DRUG: Study Drugs and Nutritional Supplements,"Incidence of treatment-emergent adverse events as assessed by CTCAE v5.0, through study completion, up to post treatment phone (approx. Day 532)|Visceral adipose tissue fat tissue (volume (in^3)) physiological parameter value measured by DEXA scan, Change from baseline to Visit 20 (approx. Day 502)|Systolic blood pressure physiological parameter value measured with a blood pressure cuff, Change from baseline to Visit 20 (approx. Day 502)|Senescent cell-cycle arrest physiological parameter value measured by MMP-9 laboratory test, Change from baseline to Visit 20 (approx. Day 502)|Glucose control (insulin resistance) physiological parameter as measured by HOMA-IR (mg/dL) calculation value, insulin and glucose laboratory values are collected to computer the measurement used, Change from baseline to Visit 20 (approx. Day 502)|DNA Methylation physiological parameter as measured by 2019 GrimAge Clock laboratory test, Change from baseline to Visit 20 (approx. Day 502)",,,"Vitality in Aging Research Group, Inc.",,ALL,OLDER_ADULT,PHASE1,0,OTHER,INTERVENTIONAL,Allocation: NA | Intervention Model: SINGLE_GROUP | Masking: NONE | Primary Purpose: TREATMENT,VIA-004,2022-06,2023-12,2023-12,2021-08-06,,2022-06-07,,
NCT05025956,Senolytic Agent Improve the Benefit of Platelet-Rich Plasma and Losartan,https://clinicaltrials.gov/study/NCT05025956,,UNKNOWN,"The purpose is to explore the possible benefit of administration of Fisetin, (a senolytic agent) to improve the benefit of Platelet-Rich Plasma and losartan for treatment of femoroacetabular impingement and labral tear.

We believe that giving Fisetin, a senolytic agent, will improve the benefit of PRP by eliminating senescent cells and senescence-associated secretory phenotype (SASP), known to exist in PRP. The main objectives of this study are to determine if pre- and post-operative administration of a senolytic agent will improve the beneficial effects of PRP when used in conjunction with surgical treatment of FAI and/or labral tear, to determine whether pre- and postoperative administration of Fisetin is associated with adverse events, and to determine if pre- and post-operative administration of Fisetin leads to a decrease in systemic senescence, serum SASP, and fibrotic markers.

Patients suffering from femoroacetabular impingement and labral tear, who are planning to undergo hip arthroscopy combined with standard of care intra-operative PRP injection and post-operative losartan administration will be recruited from the clinical practice of the Principal Clinical Investigator or his designee at The Steadman Clinic (TSC).",NO,Femoroacetabular Impingement,DRUG: Fisetin|DRUG: Placebo,"Incidence of Treatment-Emergent Adverse Events, Occurrence of adverse events, From date of study drug dosing until the end of the study, an average of 12 months","Patient Reported Outcomes Questionnaire-Modified Harris Hip Score (mHHS), Consists of 8 questions covering domains of pain, gait, and functional activities. Scored on a 100-point scale, with each answer receiving a specific amount of points. Higher score represents greater hip health., Baseline, 8-12 weeks post-op, 6 months post-op, and 12 months post-op|Patient Reported Outcomes Questionnaire- Hip Outcome Score: activities of daily living and sports subscales (HOS-ADL, HOS-SSS), Includes two subscales to calculate the total score:19 items in the HOS-ADL subscale and 9 items in the HOS-sports subscale., Baseline, 8-12 weeks post-op, 6 months post-op, and 12 months post-op|Patient Reported Outcomes Questionnaire-Western Ontario and McMaster Universities Osteoarthritis Index (WOMAC), Scale from 0-96. Higher score represents worse hip health., Baseline, 8-12 weeks post-op, 6 months post-op, and 12 months post-op|Patient Reported Outcomes Questionnaire-Optum Short Form physical and mental component scores (SF-12 PCS and SF-12 MCS), Includes two subscales to calculate the total score. Higher score represents greater health. Scale standardized to a US Population mean of 50 and standard deviation of 10 points., Baseline, 8-12 weeks post-op, 6 months post-op, and 12 months post-op|Patient Reported Outcomes Questionnaire-Tegner Activity Scale, Scale from 0-10. Higher score represents greater activity level., Baseline, 8-12 weeks post-op, 6 months post-op, and 12 months post-op|Patient Reported Outcomes Questionnaire-Numeric Rating Scale for Hip Pain, Scale from 1-10. Higher score represents greater hip pain., Baseline, 8-12 weeks post-op, 6 months post-op, and 12 months post-op|Patient Reported Outcomes Questionnaire-Patient satisfaction with surgical outcome, 1-10-point scale, Baseline, 8-12 weeks post-op, 6 months post-op, and 12 months post-op|Multi and singleplex immunoassays and flow cytometry senescence and SASP marker assessment of peripheral blood, Concentrations of secreted protein markers found in serum in pg/ml, Baseline, and 8-12 weeks post-op|Incidence of revision arthroscopy or other hip surgery required post initial arthroscopy, Incidence of revision surgery from day of initial surgery will be recorded, From day of initial surgery until the end of the study, an average of 12 months",,Steadman Philippon Research Institute,United States Department of Defense,ALL,"ADULT, OLDER_ADULT",PHASE1|PHASE2,68,OTHER,INTERVENTIONAL,"Allocation: RANDOMIZED | Intervention Model: PARALLEL | Masking: QUADRUPLE (PARTICIPANT, CARE_PROVIDER, INVESTIGATOR, OUTCOMES_ASSESSOR) | Primary Purpose: TREATMENT",2020-058,2021-10-24,2024-10-31,2024-10-31,2021-08-30,,2024-04-16,"The Steadman Clinic, Vail, Colorado, 81657, United States",
NCT04815902,Use of Senolytic and Anti-Fibrotic Agents to Improve the Beneficial Effect of Bone Marrow Stem Cells for Osteoarthritis,https://clinicaltrials.gov/study/NCT04815902,,UNKNOWN,"This is a prospective, randomized, double-blind, active control clinical trial to evaluate the safety and efficacy of a senolytic agent (Fisetin) and an anti-fibrotic agent (Losartan), used independently and in combination, to improve beneficial effect demonstrated by the active control which is to be injection of autologous bone marrow aspirate concentrate (BMAC) into an osteoarthritic knee.",NO,"Osteoarthritis, Knee",DRUG: Fisetin|DRUG: Losartan|DRUG: Placebo - Losartan|DRUG: Placebo Fisetin,"Incidence of Treatment-Emergent Adverse Events, Occurrence of adverse events, Adverse events will be collected from the date of BMAC injection to 12 months after injection","Morphological and Quantitative Magnetic Resonance Imaging (MRI), Cartilage quality assessed by blinded radiologist using morphological MRI. Quantitative MRI using T2 mapping images with texture analysis used to assess water content and collagen organization within the cartilage and surrounding tissue, 32 days - 3 months prior to injection, 6 months post injection, 12 months post injection)|Evaluation of patient reported outcome (PRO) for quality of life, 12-question Short-Form General Health Survey (SF-12) - Including Physical Component Summary (PCS) and Mental Component Summary (MCS)., within 3 months of injection, 32 days post baseline, 14 days post injection, 30 days post injection, 3 months post injection, 6 months post injection, 12 months post injection, 18 months post injection|Evaluation of patient reported outcome (PRO) for knee functions (WOMAC), The Western Ontario and McMaster Universities Osteoarthritis Index (WOMAC) (24 questions; rated none, mild, moderate, or severe. Higher WOMAC score represents higher disability), within 3 months of injection, 32 days post baseline, 14 days post injection, 30 days post injection, 3 months post injection, 6 months post injection, 12 months post injection, 18 months post injection|Evaluation of patient reported outcome (PRO) for knee functions (Tegner), Tegner Physical Activity Scale (1 question; scale of 0 to10; 0 representing a low activity level and 10 representing a high activity level), within 3 months of injection, 32 days post baseline, 14 days post injection, 30 days post injection, 3 months post injection, 6 months post injection, 12 months post injection, 18 months post injection|Evaluation of patient reported outcome (PRO) for knee functions (IKDC), International Knee Documentation Committee (IKDC) Form. (scores range from 0 points or lowest level of function, to 100 points or highest level of function), within 3 months of injection, 32 days post baseline, 14 days post injection, 30 days post injection, 3 months post injection, 6 months post injection, 12 months post injection, 18 months post injection|Patient-Reported Outcome Questionnaires, Numerical Rating Scale (NRS) for knee pain (6 questions with a scale of 0 to 10; 0 representing no pain and 10 representing extreme pain), Screening, weekly post 1st study drug dose (pre-injection), weekly post injection (for 4 months)|Change in muscle strength of the study knee, Isokinetic Dynamometry, 32 days - 3 months prior to injection, 6 months post injection, 12 months post injection|Change in physical function of the Study Knee (LEK), Lower Extremity Kinematics, 32 days - 3 months prior to injection, 6 months post injection, 12 months post injection|Change in physical function of the Study Knee (Stair Test), Stair Test, 32 days - 3 months prior to injection, 6 months post injection, 12 months post injection]|Change in physical function of the Study Knee (fast 40-meter walk), Fast 40-meter walk, 32 days - 3 months prior to injection, 6 months post injection, 12 months post injection|Change in physical function of the Study Knee (TUG), Timed up-and-go test, 32 days - 3 months prior to injection, 6 months post injection, 12 months post injection|Change in physical function of the Study Knee (6-minute walk test), 6-minute walk test, 32 days - 3 months prior to injection, 6 months post injection, 12 months post injection]|Change in associate biomarkers as compared to placebo in peripheral blood plasma/serum, Immunoassays for Biomarker assessment from blood serum. Analytes will be measured via immunoassays. The following analytes will be measured and reported in pg/ml. IL-1b, IL-6, IL-15, IL-1a, IL-1Ra, IL-7, IL-8, MCP-1, TNF-a , RANTES, VEGF, IFN-g, GRO, IP10, Eotaxin, PDGF-AA, PDGFAB-BB, EGF, FLT3L, GDF15, GDF11, FGF21, IL-18, SOST, OC, FGF-23, PTH, Leptin, Insulin, TIMP1, TIMP2, TGF-b1, TGF-b2, MMP-1, MMP-2, MMP-9, MMP-10, HA, COMP, CS846, CRP., screening, 14 days post-injection, 30 days post injection, 3 months post injection, 6 months post injection, 12 months post injection|Change in CTX-II as compared to placebo in urine, Immunoassays for CTX-II detection in urine reported as pg/ml, 32 days post baseline, 6 months post injection, 12 months post injection|Change in levels of senescent PBMCS (total and specific PBMC subsets such as T-Cells), Flow Cytometry based detection and quantification of senescent PBMCs isolated from whole blood. Intensity of the fluorescent marker C12FDG will be measured. Cells positive for C12FDG will be quantified and designated as senescent., screening, 14 days post-injection, 30 days post injection, 3 months post injection, 6 months post injection, 12 months post injection|Change in synovial fluid content, Synovial Fluid Analysis, 32 days post baseline, 6 months post injection, 12 months post injection|Characterization of Bone Marrow Derived Aspirate Concentrate cell content prior to injection, BMAC Analysis, 32 days post baseline|Characterization of Bone Marrow Derived plasma biomarkers prior to injection, BMAC Analysis, 32 days post baseline|Change in time to conversion to alternative treatment, Alternative procedure as indicated. The time to resort to alternative therapy from baseline will be recorded, Subjects may receive alternative treatment at any point during the 18-month study, continued participation will be determined on an individual basis (The time to resort to alternative therapy from baseline will be recorded)",,Steadman Philippon Research Institute,National Institute of Arthritis and Musculoskeletal and Skin Diseases (NIAMS),ALL,"ADULT, OLDER_ADULT",PHASE1|PHASE2,100,OTHER,INTERVENTIONAL,"Allocation: RANDOMIZED | Intervention Model: PARALLEL | Masking: QUADRUPLE (PARTICIPANT, CARE_PROVIDER, INVESTIGATOR, OUTCOMES_ASSESSOR) | Primary Purpose: TREATMENT",2020-15|1UG3AR077748-01,2021-05-18,2025-02-01,2025-06-01,2021-03-25,,2024-04-16,"The Steadman Clinic, Vail, Colorado, 81657, United States",
